<?xml version="1.0" encoding="UTF-8"?>
<project name="Scenario" default="dist" basedir=".">
  <description>Builds the Scenario distributables.</description>
  <import file="nbproject/build-impl.xml"/>

  <!--
       This file builds all the binaries needed for a full Scenario
       release, including doc bundles, src bundles, jnlp descriptors,
       and all the versioned Decora binaries.  It is only intended for
       use by the Release Engineering team and those repsonsible for
       publishing Scenario releases to the web; most casual developers
       won't need to use this script.
       
       This script attempts to locate the scenegraph-demos project
       according to the scenegraph.demos.path property defined below.
       If not available, it will simply skip the parts that build the
       demo binaries.  This makes the demos an optional part of the
       release build process.  (The demos are required for staging
       new Scenario releases, but are optional for other RE activities.)
  -->
  
  <property name="scenegraph.demos.path" value="../scenegraph-demos"/>

  <target name="-pre-init">
    <!-- check for presence of scenegraph-demos and include conditionally -->
    <condition property="include.demos">
      <and>
        <available file="${scenegraph.demos.path}/build.xml"/>
      </and>
    </condition>
  </target>
  
  <target name="build-demos" if="include.demos">
    <ant antfile="${scenegraph.demos.path}/build.xml" target="dist" inheritAll="false"/>
    <copy todir="dist/scenario-demos">
      <fileset file="${scenegraph.demos.path}/dist/Scenario-Demos.jar"/>
    </copy>
    <copy todir="dist/decora-demos">
      <fileset file="${scenegraph.demos.path}/dist/Intro.jar"/>
    </copy>
  </target>
  
  <target name="dist" depends="init" description="Create the src, doc, and binary release files">
    <property name="build.version" value="0.6"/>
    <property name="dist.name" value="Scenario-${build.version}"/>
    <property name="www.base" value="http://download.java.net/javadesktop/scenario"/>
      
    <!-- create the target directories -->
    <mkdir dir="dist/scenario"/>
    <mkdir dir="dist/scenario-demos"/>
    <mkdir dir="dist/decora"/>
    <mkdir dir="dist/decora-demos"/>
    <mkdir dir="dist/jogl"/>

    <!-- build all the necessary binaries -->
    <ant antfile="effects/Decora-Dist/build.xml" target="jar" inheritAll="false"/>
    <ant antfile="build.xml" target="jar" inheritAll="false"/>
    <antcall target="build-demos"/>
    
    <!-- build Scenario javadocs and copy them to dist directory -->
    <ant antfile="build.xml" target="javadoc" inheritAll="false"/>
    <mkdir dir="dist/scenario/javadoc"/>
    <copy todir="dist/scenario/javadoc">
      <fileset dir="dist/javadoc"/>
    </copy>
    
    <!-- create Scenario doc bundle -->
    <zip destfile="dist/scenario/${dist.name}-doc.zip">
      <zipfileset dir="${dist.javadoc.dir}" prefix="${dist.name}/javadoc"/>
    </zip>
      
    <!-- create Scenario src bundle -->
    <zip destfile="dist/scenario/${dist.name}-src.zip">
      <zipfileset dir="." prefix="${dist.name}">
        <exclude name="**/build/**" />
        <exclude name="**/dist/**" />
        <exclude name="**/tools/**" />
        <exclude name="**/nbproject/private/**" />
        <exclude name="**/www/**" />
        <exclude name="**/.svn" />
      </zipfileset>
    </zip>
    
    <!-- create versioned Scenario.jar -->
    <copy file="dist/Scenario.jar" tofile="dist/scenario/${dist.name}.jar"/>

    <!-- include all versioned Decora binaries -->
    <copy todir="dist/decora">
      <fileset dir="effects/Decora-Dist/dist/decora"/>
    </copy>
    
    <!-- include Decora intro demo and corresponding JNLP files -->
    <copy todir="dist/decora-demos">
      <fileset dir="effects/Decora-Dist/dist/decora-demos"/>
    </copy>
    
    <!-- include platform-specific JOGL binaries for convenience -->
    <copy todir="dist/jogl">
      <fileset dir="effects/Decora-Dist/dist/jogl"/>
    </copy>

    <!-- pack200 all jars -->
    <apply executable="${java.home}/bin/pack200"
           dir="dist" dest="dist"
           parallel="false" failonerror="true">
      <targetfile/>
      <srcfile/>
      <fileset dir="dist">
          <include name="**/*.jar"/>
          <exclude name="Scenario.jar"/>
          <exclude name="jogl/*"/>
      </fileset>
      <mapper type="glob" from="*.jar" to="*.pack.gz"/>
    </apply>
    
    <!-- create properly versioned Scenario JNLP extension descriptors -->
    <filterset id="jnlp.filters">
      <filter token="version"
              value="${build.version}"/>
      <filter token="scenario.base"
              value="${www.base}/releases"/>
      <filter token="decora.base"
              value="${www.base}/effects/releases"/>
    </filterset>
    <copy todir="dist/scenario">
      <fileset dir="jnlp">
        <include name="Scenario*.jnlp"/>
      </fileset>
      <globmapper from="*.jnlp" to="*-${build.version}.jnlp"/>
      <filterset refid="jnlp.filters"/>
    </copy>
  </target>

  <target name="clean-demos" if="include.demos">
    <ant antfile="${scenegraph.demos.path}/build.xml" target="clean" inheritAll="false"/>
  </target>

  <target name="-post-clean" depends="init">
    <ant antfile="build.xml" target="clean" inheritAll="false"/>
    <ant antfile="effects/Decora-Dist/build.xml" target="clean" inheritAll="false"/>
    <antcall target="clean-demos"/>
  </target>
  
</project>
