<?xml version="1.0" encoding="UTF-8"?>
<configurationDescriptor version="39">
  <logicalFolder name="root" displayName="root" projectFiles="true">
    <logicalFolder name="HeaderFiles"
                   displayName="Header Files"
                   projectFiles="true">
      <itemPath>D3DDecora.h</itemPath>
      <itemPath>D3DRenderer.h</itemPath>
      <itemPath>D3DShader.h</itemPath>
      <itemPath>D3DVB.h</itemPath>
    </logicalFolder>
    <logicalFolder name="ResourceFiles"
                   displayName="Resource Files"
                   projectFiles="true">
    </logicalFolder>
    <logicalFolder name="SourceFiles"
                   displayName="Source Files"
                   projectFiles="true">
      <itemPath>D3DRenderer.cc</itemPath>
      <itemPath>D3DShader.cc</itemPath>
      <itemPath>D3DVB.cc</itemPath>
    </logicalFolder>
    <logicalFolder name="ExternalFiles"
                   displayName="Important Files"
                   projectFiles="false">
      <itemPath>compile.cmd</itemPath>
      <itemPath>Makefile</itemPath>
    </logicalFolder>
  </logicalFolder>
  <projectmakefile>Makefile</projectmakefile>
  <confs>
    <conf name="Debug" type="2">
      <toolsSet>
        <compilerSet>Cygwin</compilerSet>
        <cRequired>true</cRequired>
        <cppRequired>true</cppRequired>
        <fortranRequired>false</fortranRequired>
        <platform>3</platform>
      </toolsSet>
      <compileType>
        <cCompilerTool>
          <commandlineTool>cc.exe</commandlineTool>
          <includeDirectories>
            <directoryPath>../../../../d3d/cr-newd3d.ws/build/windows-i586/include/win32</directoryPath>
          </includeDirectories>
        </cCompilerTool>
        <ccCompilerTool>
          <includeDirectories>
            <directoryPath>../../../../d3d/cr-newd3d.ws/build/windows-i586/include</directoryPath>
            <directoryPath>../../../../d3d/cr-newd3d.ws/build/windows-i586/include/win32</directoryPath>
          </includeDirectories>
        </ccCompilerTool>
        <linkerTool>
          <output>dist/Decora-D3D.dll</output>
          <commandlineTool>g++.exe</commandlineTool>
          <linkerLibItems>
          </linkerLibItems>
        </linkerTool>
      </compileType>
      <item path="D3DDecora.h">
        <itemTool>3</itemTool>
      </item>
      <item path="D3DRenderer.cc">
        <itemTool>1</itemTool>
      </item>
      <item path="D3DRenderer.h">
        <itemTool>3</itemTool>
      </item>
      <item path="D3DShader.cc">
        <itemTool>1</itemTool>
      </item>
      <item path="D3DShader.h">
        <itemTool>3</itemTool>
      </item>
      <item path="D3DVB.cc">
        <itemTool>1</itemTool>
      </item>
      <item path="D3DVB.h">
        <itemTool>3</itemTool>
      </item>
    </conf>
    <conf name="Release" type="2">
      <toolsSet>
        <compilerSet>Cygwin</compilerSet>
        <cRequired>true</cRequired>
        <cppRequired>true</cppRequired>
        <fortranRequired>false</fortranRequired>
        <platform>3</platform>
      </toolsSet>
      <compileType>
        <cCompilerTool>
          <developmentMode>5</developmentMode>
        </cCompilerTool>
        <ccCompilerTool>
          <developmentMode>5</developmentMode>
        </ccCompilerTool>
        <fortranCompilerTool>
          <developmentMode>5</developmentMode>
        </fortranCompilerTool>
        <linkerTool>
          <linkerLibItems>
          </linkerLibItems>
        </linkerTool>
      </compileType>
      <item path="D3DDecora.h">
        <itemTool>3</itemTool>
      </item>
      <item path="D3DRenderer.cc">
        <itemTool>1</itemTool>
      </item>
      <item path="D3DRenderer.h">
        <itemTool>3</itemTool>
      </item>
      <item path="D3DShader.cc">
        <itemTool>1</itemTool>
      </item>
      <item path="D3DShader.h">
        <itemTool>3</itemTool>
      </item>
      <item path="D3DVB.cc">
        <itemTool>1</itemTool>
      </item>
      <item path="D3DVB.h">
        <itemTool>3</itemTool>
      </item>
    </conf>
  </confs>
</configurationDescriptor>
